--
-- Script was generated by Devart dbForge Studio 2022 for MySQL, Version 9.1.21.0
-- Product home page: http://www.devart.com/dbforge/mysql/studio
-- Script date 4/13/2023 10:29:50 AM
-- Server version: 8.0.31
-- Client version: 4.1
--

-- 
-- Disable foreign keys
-- 
/*!40014 SET @OLD_FOREIGN_KEY_CHECKS=@@FOREIGN_KEY_CHECKS, FOREIGN_KEY_CHECKS=0 */;

-- 
-- Set SQL mode
-- 
/*!40101 SET @OLD_SQL_MODE=@@SQL_MODE, SQL_MODE='NO_AUTO_VALUE_ON_ZERO' */;

-- 
-- Set character set the client will use to send SQL statements to the server
--
SET NAMES 'utf8';


--
-- Set default database
--
USE tour_du_lich;

--
-- Drop table `booking_detail`
--
DROP TABLE IF EXISTS booking_detail;

--
-- Drop table `service`
--
DROP TABLE IF EXISTS service;

--
-- Drop table `role_permission`
--
DROP TABLE IF EXISTS role_permission;

--
-- Drop table `permission`
--
DROP TABLE IF EXISTS permission;

--
-- Drop table `tour_detail`
--
DROP TABLE IF EXISTS tour_detail;

--
-- Drop table `place`
--
DROP TABLE IF EXISTS place;

--
-- Drop table `booking`
--
DROP TABLE IF EXISTS booking;

--
-- Drop table `tour`
--
DROP TABLE IF EXISTS tour;

--
-- Drop table `hotel`
--
DROP TABLE IF EXISTS hotel;

--
-- Drop table `user`
--
DROP TABLE IF EXISTS user;

--
-- Drop table `role`
--
DROP TABLE IF EXISTS role;

--
-- Set default database
--
USE tour_du_lich;

--
-- Create table `role`
--
CREATE TABLE role (
  role_id int NOT NULL AUTO_INCREMENT,
  role_name varchar(100) DEFAULT NULL,
  PRIMARY KEY (role_id)
)
ENGINE = INNODB,
AUTO_INCREMENT = 8,
AVG_ROW_LENGTH = 4096,
CHARACTER SET utf8mb4,
COLLATE utf8mb4_0900_ai_ci;

--
-- Create table `user`
--
CREATE TABLE user (
  user_id int NOT NULL AUTO_INCREMENT,
  user_name varchar(100) NOT NULL,
  password varchar(100) NOT NULL,
  fullname varchar(100) NOT NULL,
  tel int DEFAULT NULL,
  birthday date DEFAULT NULL,
  email text DEFAULT NULL,
  create_at datetime DEFAULT CURRENT_TIMESTAMP,
  role_id int NOT NULL DEFAULT 4,
  PRIMARY KEY (user_id)
)
ENGINE = INNODB,
AUTO_INCREMENT = 16,
AVG_ROW_LENGTH = 2730,
CHARACTER SET utf8mb4,
COLLATE utf8mb4_0900_ai_ci;

--
-- Create index `idx_unq_user_name` on table `user`
--
ALTER TABLE user
ADD UNIQUE INDEX idx_unq_user_name (user_name);

--
-- Create foreign key
--
ALTER TABLE user
ADD CONSTRAINT fk_User_Group FOREIGN KEY (role_id)
REFERENCES role (role_id) ON UPDATE CASCADE;

--
-- Create table `hotel`
--
CREATE TABLE hotel (
  hotel_id int NOT NULL AUTO_INCREMENT,
  hotel_name varchar(100) NOT NULL,
  address text DEFAULT NULL,
  tel int DEFAULT NULL,
  website varchar(100) DEFAULT NULL,
  star tinyint DEFAULT 2,
  PRIMARY KEY (hotel_id)
)
ENGINE = INNODB,
AUTO_INCREMENT = 13,
AVG_ROW_LENGTH = 8192,
CHARACTER SET utf8mb4,
COLLATE utf8mb4_0900_ai_ci;

--
-- Create table `tour`
--
CREATE TABLE tour (
  tour_id int NOT NULL AUTO_INCREMENT,
  tour_name varchar(100) NOT NULL,
  tourguide_id int DEFAULT NULL,
  hotel_id int DEFAULT NULL,
  price decimal(20, 4) NOT NULL,
  start_day datetime NOT NULL DEFAULT CURRENT_TIMESTAMP,
  end_day datetime NOT NULL,
  departure_place varchar(100) DEFAULT NULL,
  schedule_describe text DEFAULT NULL,
  create_at datetime DEFAULT CURRENT_TIMESTAMP,
  PRIMARY KEY (tour_id)
)
ENGINE = INNODB,
AUTO_INCREMENT = 8,
CHARACTER SET utf8mb4,
COLLATE utf8mb4_0900_ai_ci;

--
-- Create foreign key
--
ALTER TABLE tour
ADD CONSTRAINT fk_Tour_Hotel FOREIGN KEY (hotel_id)
REFERENCES hotel (hotel_id) ON DELETE SET NULL ON UPDATE CASCADE;

--
-- Create foreign key
--
ALTER TABLE tour
ADD CONSTRAINT fk_Tour_user FOREIGN KEY (tourguide_id)
REFERENCES user (user_id) ON DELETE SET NULL ON UPDATE CASCADE;

--
-- Create table `booking`
--
CREATE TABLE booking (
  booking_id int NOT NULL AUTO_INCREMENT,
  tour_id int NOT NULL,
  user_id int NOT NULL,
  number int NOT NULL DEFAULT 1,
  total_cost decimal(20, 4) NOT NULL DEFAULT 0.0000,
  create_at datetime NOT NULL DEFAULT CURRENT_TIMESTAMP,
  PRIMARY KEY (booking_id)
)
ENGINE = INNODB,
CHARACTER SET utf8mb4,
COLLATE utf8mb4_0900_ai_ci;

--
-- Create foreign key
--
ALTER TABLE booking
ADD CONSTRAINT fk_Booking_Customer FOREIGN KEY (user_id)
REFERENCES user (user_id) ON UPDATE CASCADE;

--
-- Create foreign key
--
ALTER TABLE booking
ADD CONSTRAINT fk_Booking_Tour FOREIGN KEY (tour_id)
REFERENCES tour (tour_id) ON UPDATE CASCADE;

--
-- Create table `place`
--
CREATE TABLE place (
  place_id int NOT NULL AUTO_INCREMENT,
  place_name varchar(100) NOT NULL,
  place_describe text DEFAULT NULL,
  star tinyint DEFAULT 3,
  region varchar(100) DEFAULT NULL,
  PRIMARY KEY (place_id)
)
ENGINE = INNODB,
AUTO_INCREMENT = 30,
CHARACTER SET utf8mb4,
COLLATE utf8mb4_0900_ai_ci;

--
-- Create table `tour_detail`
--
CREATE TABLE tour_detail (
  tp_id int NOT NULL AUTO_INCREMENT,
  tour_id int NOT NULL,
  place_id int NOT NULL,
  create_at datetime NOT NULL DEFAULT CURRENT_TIMESTAMP,
  PRIMARY KEY (tp_id)
)
ENGINE = INNODB,
AUTO_INCREMENT = 18,
CHARACTER SET utf8mb4,
COLLATE utf8mb4_0900_ai_ci;

--
-- Create foreign key
--
ALTER TABLE tour_detail
ADD CONSTRAINT fk_Tour_Place_Place FOREIGN KEY (place_id)
REFERENCES place (place_id) ON DELETE CASCADE ON UPDATE CASCADE;

--
-- Create foreign key
--
ALTER TABLE tour_detail
ADD CONSTRAINT fk_Tour_Place_Tour FOREIGN KEY (tour_id)
REFERENCES tour (tour_id) ON DELETE CASCADE ON UPDATE CASCADE;

--
-- Create table `permission`
--
CREATE TABLE permission (
  per_id int NOT NULL AUTO_INCREMENT,
  per_name varchar(100) DEFAULT NULL,
  per_code varchar(100) NOT NULL,
  PRIMARY KEY (per_id, per_code)
)
ENGINE = INNODB,
AUTO_INCREMENT = 11,
AVG_ROW_LENGTH = 4096,
CHARACTER SET utf8mb4,
COLLATE utf8mb4_0900_ai_ci;

--
-- Create table `role_permission`
--
CREATE TABLE role_permission (
  rp_id int NOT NULL AUTO_INCREMENT,
  role_id int DEFAULT NULL,
  per_id int DEFAULT NULL,
  PRIMARY KEY (rp_id)
)
ENGINE = INNODB,
AUTO_INCREMENT = 25,
AVG_ROW_LENGTH = 2730,
CHARACTER SET utf8mb4,
COLLATE utf8mb4_0900_ai_ci;

--
-- Create foreign key
--
ALTER TABLE role_permission
ADD CONSTRAINT fk_RP_Per FOREIGN KEY (per_id)
REFERENCES permission (per_id) ON DELETE CASCADE ON UPDATE CASCADE;

--
-- Create foreign key
--
ALTER TABLE role_permission
ADD CONSTRAINT fk_RP_Role FOREIGN KEY (role_id)
REFERENCES role (role_id) ON DELETE CASCADE ON UPDATE CASCADE;

--
-- Create table `service`
--
CREATE TABLE service (
  service_id int NOT NULL AUTO_INCREMENT,
  service_name varchar(100) NOT NULL DEFAULT '',
  service_price decimal(20, 4) NOT NULL,
  PRIMARY KEY (service_id)
)
ENGINE = INNODB,
AUTO_INCREMENT = 5,
CHARACTER SET utf8mb4,
COLLATE utf8mb4_0900_ai_ci;

--
-- Create table `booking_detail`
--
CREATE TABLE booking_detail (
  bs_id int NOT NULL AUTO_INCREMENT,
  booking_id int NOT NULL,
  service_id int NOT NULL,
  PRIMARY KEY (bs_id)
)
ENGINE = INNODB,
CHARACTER SET utf8mb4,
COLLATE utf8mb4_0900_ai_ci;

--
-- Create foreign key
--
ALTER TABLE booking_detail
ADD CONSTRAINT fk_bs_booking FOREIGN KEY (booking_id)
REFERENCES booking (booking_id) ON DELETE CASCADE ON UPDATE CASCADE;

--
-- Create foreign key
--
ALTER TABLE booking_detail
ADD CONSTRAINT fk_bs_service FOREIGN KEY (service_id)
REFERENCES service (service_id) ON DELETE CASCADE ON UPDATE CASCADE;

-- 
-- Dumping data for table role
--
INSERT INTO role VALUES
(1, 'admin'),
(2, 'manager'),
(3, 'nhân viên chăm sóc khách hàng'),
(4, 'nhân viên quản lý tour'),
(5, 'kế toán'),
(6, 'hướng dẫn viên'),
(7, 'khách hàng');

-- 
-- Dumping data for table hotel
--
INSERT INTO hotel VALUES
(1, 'Thịnh Vượng', '11/2/3 Trần hưng đạo p12, quận10', 916355731, 'https://thinhvuong.vn/', 4),
(2, 'Đâu cũng được', '11/2/4 tran bui duong p12, quận5', 916355731, 'https://daucungduoc.vn/', 3),
(3, 'Mường Thanh Luxury', 'Nguyễn Văn Trỗi Quận Phú Nhuận', 916355731, 'https://muongthanhluxury.vn/', 3),
(4, 'Silverland Jolie Hotel&spa', 'Thi Sách Quận 1', 916355731, 'https://silverland.vn/', 5),
(5, 'New Word', 'Lê Lai, Quận 1', 916355731, 'https://newword.vn/', 3),
(6, 'Equatorial', 'Trần Bình Trọng Quận 5', 916355731, 'https://Equatorial.vn/', 1),
(7, 'Lâu Đài Tính Ái', '11/2/4 tran bui duong p12 quận5', 916355731, 'https://laudaitinhai.vn/', 5),
(8, 'Khách Sạn Hoàng Hôn', 'Sơn La', 916355731, 'https://hoanghon.vn/', 5),
(9, 'Khách Sạn Gold', 'Bình Dương', 916355731, 'https://gold.vn/', 4),
(10, 'Khách Sạn Lucky', 'Quảng Bình', 916355731, 'https://lucky.vn/', 5),
(11, 'Resort Diamond', 'Đồng Nai', 916355731, 'https://diamond.vn/', 2),
(12, 'Khách Sạn SunGroup', 'Lâm Đồng', 916355731, 'https://sungroup.vn/', 3);

-- 
-- Dumping data for table user
--
INSERT INTO user VALUES
(1, 'admin', '123', 'admin', 908133762, '0000-00-00', 'admin@mail.com', '2023-04-13 10:26:16', 1),
(2, 'manager', '123', 'quản lý', 908133761, '0000-00-00', 'manager@mail.com', '2023-04-13 10:26:16', 2),
(3, 'nhanviencskh1', '123', 'nhân viên chăm sóc khách hàng', 908133763, '0000-00-00', 'nhanviencskh1@mail.com', '2023-04-13 10:26:16', 3),
(4, 'nhanviencqlt1', '123', 'nhân viên quản lý tour', 908133764, '0000-00-00', 'nhanviencqlt1@mail.com', '2023-04-13 10:26:16', 4),
(5, 'ketoan1', '123', 'kế toán', 908133765, '0000-00-00', 'ketoan1@mail.com', '2023-04-13 10:26:16', 5),
(6, 'hdv1', '123', 'hướng dẫn viên', 908133765, '0000-00-00', 'hdv1@mail.com', '2023-04-13 10:26:16', 6),
(7, 'hdv2', '123', 'hướng dẫn viên', 908133765, '0000-00-00', 'hdv2@mail.com', '2023-04-13 10:26:16', 6),
(8, 'hdv3', '123', 'hướng dẫn viên', 908133765, '0000-00-00', 'hdv3@mail.com', '2023-04-13 10:26:16', 6),
(9, 'hdv4', '123', 'hướng dẫn viên', 908133765, '0000-00-00', 'hdv4@mail.com', '2023-04-13 10:26:16', 6),
(10, 'kh1', '123', 'Nguyễn Thị Lé', 908133765, '0000-00-00', 'kh1@mail.com', '2023-04-13 10:26:16', 7),
(11, 'kh2', '123', 'Trận thị Bùi', 908133765, '0000-00-00', 'kh2@mail.com', '2023-04-13 10:26:16', 7),
(12, 'kh3', '123', 'Lê Văn Công', 908133765, '0000-00-00', 'kh3@mail.com', '2023-04-13 10:26:16', 7),
(13, 'kh4', '123', 'Bùi thị Tổng', 908133765, '0000-00-00', 'kh4@mail.com', '2023-04-13 10:26:16', 7),
(14, 'kh5', '123', 'Nguyễn Thị Lé1', 908133765, '0000-00-00', 'kh5@mail.com', '2023-04-13 10:26:16', 7),
(15, 'kh6', '123', 'Nguyễn Thị Lé2', 908133765, '0000-00-00', 'kh6@mail.com', '2023-04-13 10:26:16', 7);

-- 
-- Dumping data for table tour
--
INSERT INTO tour VALUES
(1, 'Du lịch việt nam', 6, 1, 500000.0000, '0000-00-00 00:00:00', '0000-00-00 00:00:00', 'Hồ Chí Minh', 'Trải nghiệm mùa hoa tuyết Hàn Quốc\r\nHàn Quốc là đất nước níu chân khách du lịch khắp thế giới với thiên nhiên tươi đẹp bốn mùa. Du lịch Hàn Quốc đem đến những cảm nhận tuyệt vời về nét đặc trưng Á Đông truyền thống nhưng không kém phần hiện đại với rất nhiều danh lam thắng cảnh nổi tiếng khắp đất nước. Riêng Seoul đã có bao nhiêu cảnh sắc thu hút du khách: Đảo Nami xinh đẹp và bình yên, Lotte World là xứ sở thần tiên, những lễ hội vui nhộn, đậm đà bản sắc dân tộc. Cùng iVIVU trải nghiệm điểm đến tuyệt vời này ngay hôm nay!\r\n\r\nNhững trải nghiệm thú vị trong chương trình\r\n- Đảo Nami: hòn đảo nhân tạo xinh đẹp nằm ở ngoại ô Seoul, du khách tìm đến đây để tận mắt ngắm nhìn cảnh sắc thiên nhiên thơ mộng, lãng mạn nhất là con đường nằm giữa hai hàng cây thủy sam.\r\n\r\n- Cung điện Kyeongbok: hoàng cung lớn nhất tiêu biểu cho kiến trúc cổ điển và là một công trình tiêu biểu của Hàn Quốc và là cung điện hoàng gia lớn nhất Hàn Quốc.\r\n\r\n- Tháp Namsan: cảm nhận được không gian đầy tình yêu thương của những cặp đôi tìm đến đây để treo những chiếc ổ khóa đầy màu sắc biểu tượng cho tình yêu của họ.\r\n\r\n- Suối Cheonggyecheon con suối trong mát dài 5.8 km giữa lòng thủ đô Seoul.\r\n\r\n- Tháp N Seoul tọa lạc trên núi Namsan và đã trở thành một biểu tượng của Seoul.\r\n\r\n- Hero Show một show diễn nghệ thuật vẽ đặc sắc và vui nhộn từ các chàng trai tài hoa.\r\n\r\nBạn có sẵn sàng\r\nMột số điều kiện chung giúp Quý Khách nâng cao tỷ lệ xin Visa Hàn Quốc thành công:\r\n\r\n- Đã từng đi du lịch các nước ở khu vực Đông Nam Á.\r\n\r\n- Có công việc ổn định và thu nhập tốt\r\n\r\n- Có tài sản đứng tên như nhà đất, xe hơi, sổ tiết kiệm...\r\n\r\n- Chưa từng bị từ chối visa trước đây\r\n\r\n- Tải App PC Covid xác nhận tiêm chủng đủ 2 mũi trở lên.\r\n\r\niVIVU luôn sẵn sàng tư vấn chi tiết cho Quý Khách theo từng trường hợp cụ thể.\r\n\r\nChương trình tour\r\nƯU ĐÃI ĐẶC BIỆT: GIẢM NGAY 400K/KHÁCH KHI KHÁCH ĐẶT TOUR. ĐIỀU KIỆN: ÁP DỤNG NHÓM 4 KHÁCH TRỞ LÊN.\r\nNGÀY 1: TP.HCM - SEOUL ( NGHỈ ĐÊM TRÊN MÁY BAY)\r\nQuý khách tập trung tại sân bay Tân Sơn Nhất ga đi quốc tế, Trưởng Đoàn hướng dẫn làm thủ tục hàng không cho quý khách đáp chuyến bay đi Hàn Quốc.\r\n\r\nNGÀY 2: SEOUL - ĐẢO NAMI - THÁP N SEOUL ( ĂN SÁNG, TRƯA, TỐI)\r\nĐến sân bay Quốc Tế Incheon, hướng dẫn viên đón đoàn chào mừng đoàn đến với Thủ đô Seoul. Để nạp thêm năng lượng sau chuyến bay đêm, đoàn dùng bữa trưa tại nhà hàng địa phương thưởng thức ẩm thực tại Xứ sở Kim chi.\r\n\r\nTiếp đến, Quý khách khởi hành đi tham quan:\r\n\r\n- Đảo Nami – Nổi tiếng với những bản màu sắc riêng theo từng mùa: Mùa thu rực rỡ ánh vàng đỏ của tán cây phong và rừng ngân hạnh; Mùa hè có cây cối mướt xanh; Mùa đông huyền ảo với tuyết phủ trắng xóa& cuối cùng đặc biệt là vào Mùa xuânhàng trăm cây hoa anh đào nhuộm sắc hồng rực rỡ, với mùi hương ngọt ngào phảng phất không khí và lànơi ra đời của nhiều bộ phim truyền hình nổi tiếng của Hàn Quốc đã làm dấy lên cơn sốt nghệ thuật thứ bảy tại các nước CHÂU Á và thế giới như: "Bản Tình Ca Mùa Đông".', '2023-04-13 10:27:09'),
(2, 'Du lịch thái lan', 7, 1, 500000.0000, '0000-00-00 00:00:00', '0000-00-00 00:00:00', 'Hồ Chí Minh', 'Trải nghiệm mùa hoa tuyết Hàn Quốc\r\nHàn Quốc là đất nước níu chân khách du lịch khắp thế giới với thiên nhiên tươi đẹp bốn mùa. Du lịch Hàn Quốc đem đến những cảm nhận tuyệt vời về nét đặc trưng Á Đông truyền thống nhưng không kém phần hiện đại với rất nhiều danh lam thắng cảnh nổi tiếng khắp đất nước. Riêng Seoul đã có bao nhiêu cảnh sắc thu hút du khách: Đảo Nami xinh đẹp và bình yên, Lotte World là xứ sở thần tiên, những lễ hội vui nhộn, đậm đà bản sắc dân tộc. Cùng iVIVU trải nghiệm điểm đến tuyệt vời này ngay hôm nay!\r\n\r\nNhững trải nghiệm thú vị trong chương trình\r\n- Đảo Nami: hòn đảo nhân tạo xinh đẹp nằm ở ngoại ô Seoul, du khách tìm đến đây để tận mắt ngắm nhìn cảnh sắc thiên nhiên thơ mộng, lãng mạn nhất là con đường nằm giữa hai hàng cây thủy sam.\r\n\r\n- Cung điện Kyeongbok: hoàng cung lớn nhất tiêu biểu cho kiến trúc cổ điển và là một công trình tiêu biểu của Hàn Quốc và là cung điện hoàng gia lớn nhất Hàn Quốc.\r\n\r\n- Tháp Namsan: cảm nhận được không gian đầy tình yêu thương của những cặp đôi tìm đến đây để treo những chiếc ổ khóa đầy màu sắc biểu tượng cho tình yêu của họ.\r\n\r\n- Suối Cheonggyecheon con suối trong mát dài 5.8 km giữa lòng thủ đô Seoul.\r\n\r\n- Tháp N Seoul tọa lạc trên núi Namsan và đã trở thành một biểu tượng của Seoul.\r\n\r\n- Hero Show một show diễn nghệ thuật vẽ đặc sắc và vui nhộn từ các chàng trai tài hoa.\r\n\r\nBạn có sẵn sàng\r\nMột số điều kiện chung giúp Quý Khách nâng cao tỷ lệ xin Visa Hàn Quốc thành công:\r\n\r\n- Đã từng đi du lịch các nước ở khu vực Đông Nam Á.\r\n\r\n- Có công việc ổn định và thu nhập tốt\r\n\r\n- Có tài sản đứng tên như nhà đất, xe hơi, sổ tiết kiệm...\r\n\r\n- Chưa từng bị từ chối visa trước đây\r\n\r\n- Tải App PC Covid xác nhận tiêm chủng đủ 2 mũi trở lên.\r\n\r\niVIVU luôn sẵn sàng tư vấn chi tiết cho Quý Khách theo từng trường hợp cụ thể.\r\n\r\nChương trình tour\r\nƯU ĐÃI ĐẶC BIỆT: GIẢM NGAY 400K/KHÁCH KHI KHÁCH ĐẶT TOUR. ĐIỀU KIỆN: ÁP DỤNG NHÓM 4 KHÁCH TRỞ LÊN.\r\nNGÀY 1: TP.HCM - SEOUL ( NGHỈ ĐÊM TRÊN MÁY BAY)\r\nQuý khách tập trung tại sân bay Tân Sơn Nhất ga đi quốc tế, Trưởng Đoàn hướng dẫn làm thủ tục hàng không cho quý khách đáp chuyến bay đi Hàn Quốc.\r\n\r\nNGÀY 2: SEOUL - ĐẢO NAMI - THÁP N SEOUL ( ĂN SÁNG, TRƯA, TỐI)\r\nĐến sân bay Quốc Tế Incheon, hướng dẫn viên đón đoàn chào mừng đoàn đến với Thủ đô Seoul. Để nạp thêm năng lượng sau chuyến bay đêm, đoàn dùng bữa trưa tại nhà hàng địa phương thưởng thức ẩm thực tại Xứ sở Kim chi.\r\n\r\nTiếp đến, Quý khách khởi hành đi tham quan:\r\n\r\n- Đảo Nami – Nổi tiếng với những bản màu sắc riêng theo từng mùa: Mùa thu rực rỡ ánh vàng đỏ của tán cây phong và rừng ngân hạnh; Mùa hè có cây cối mướt xanh; Mùa đông huyền ảo với tuyết phủ trắng xóa& cuối cùng đặc biệt là vào Mùa xuânhàng trăm cây hoa anh đào nhuộm sắc hồng rực rỡ, với mùi hương ngọt ngào phảng phất không khí và lànơi ra đời của nhiều bộ phim truyền hình nổi tiếng của Hàn Quốc đã làm dấy lên cơn sốt nghệ thuật thứ bảy tại các nước CHÂU Á và thế giới như: "Bản Tình Ca Mùa Đông".', '2023-04-13 10:27:09'),
(3, 'Du lịch nhật bản', 6, 1, 500000.0000, '0000-00-00 00:00:00', '0000-00-00 00:00:00', 'Hồ Chí Minh', 'Trải nghiệm mùa hoa tuyết Hàn Quốc\r\nHàn Quốc là đất nước níu chân khách du lịch khắp thế giới với thiên nhiên tươi đẹp bốn mùa. Du lịch Hàn Quốc đem đến những cảm nhận tuyệt vời về nét đặc trưng Á Đông truyền thống nhưng không kém phần hiện đại với rất nhiều danh lam thắng cảnh nổi tiếng khắp đất nước. Riêng Seoul đã có bao nhiêu cảnh sắc thu hút du khách: Đảo Nami xinh đẹp và bình yên, Lotte World là xứ sở thần tiên, những lễ hội vui nhộn, đậm đà bản sắc dân tộc. Cùng iVIVU trải nghiệm điểm đến tuyệt vời này ngay hôm nay!\r\n\r\nNhững trải nghiệm thú vị trong chương trình\r\n- Đảo Nami: hòn đảo nhân tạo xinh đẹp nằm ở ngoại ô Seoul, du khách tìm đến đây để tận mắt ngắm nhìn cảnh sắc thiên nhiên thơ mộng, lãng mạn nhất là con đường nằm giữa hai hàng cây thủy sam.\r\n\r\n- Cung điện Kyeongbok: hoàng cung lớn nhất tiêu biểu cho kiến trúc cổ điển và là một công trình tiêu biểu của Hàn Quốc và là cung điện hoàng gia lớn nhất Hàn Quốc.\r\n\r\n- Tháp Namsan: cảm nhận được không gian đầy tình yêu thương của những cặp đôi tìm đến đây để treo những chiếc ổ khóa đầy màu sắc biểu tượng cho tình yêu của họ.\r\n\r\n- Suối Cheonggyecheon con suối trong mát dài 5.8 km giữa lòng thủ đô Seoul.\r\n\r\n- Tháp N Seoul tọa lạc trên núi Namsan và đã trở thành một biểu tượng của Seoul.\r\n\r\n- Hero Show một show diễn nghệ thuật vẽ đặc sắc và vui nhộn từ các chàng trai tài hoa.\r\n\r\nBạn có sẵn sàng\r\nMột số điều kiện chung giúp Quý Khách nâng cao tỷ lệ xin Visa Hàn Quốc thành công:\r\n\r\n- Đã từng đi du lịch các nước ở khu vực Đông Nam Á.\r\n\r\n- Có công việc ổn định và thu nhập tốt\r\n\r\n- Có tài sản đứng tên như nhà đất, xe hơi, sổ tiết kiệm...\r\n\r\n- Chưa từng bị từ chối visa trước đây\r\n\r\n- Tải App PC Covid xác nhận tiêm chủng đủ 2 mũi trở lên.\r\n\r\niVIVU luôn sẵn sàng tư vấn chi tiết cho Quý Khách theo từng trường hợp cụ thể.\r\n\r\nChương trình tour\r\nƯU ĐÃI ĐẶC BIỆT: GIẢM NGAY 400K/KHÁCH KHI KHÁCH ĐẶT TOUR. ĐIỀU KIỆN: ÁP DỤNG NHÓM 4 KHÁCH TRỞ LÊN.\r\nNGÀY 1: TP.HCM - SEOUL ( NGHỈ ĐÊM TRÊN MÁY BAY)\r\nQuý khách tập trung tại sân bay Tân Sơn Nhất ga đi quốc tế, Trưởng Đoàn hướng dẫn làm thủ tục hàng không cho quý khách đáp chuyến bay đi Hàn Quốc.\r\n\r\nNGÀY 2: SEOUL - ĐẢO NAMI - THÁP N SEOUL ( ĂN SÁNG, TRƯA, TỐI)\r\nĐến sân bay Quốc Tế Incheon, hướng dẫn viên đón đoàn chào mừng đoàn đến với Thủ đô Seoul. Để nạp thêm năng lượng sau chuyến bay đêm, đoàn dùng bữa trưa tại nhà hàng địa phương thưởng thức ẩm thực tại Xứ sở Kim chi.\r\n\r\nTiếp đến, Quý khách khởi hành đi tham quan:\r\n\r\n- Đảo Nami – Nổi tiếng với những bản màu sắc riêng theo từng mùa: Mùa thu rực rỡ ánh vàng đỏ của tán cây phong và rừng ngân hạnh; Mùa hè có cây cối mướt xanh; Mùa đông huyền ảo với tuyết phủ trắng xóa& cuối cùng đặc biệt là vào Mùa xuânhàng trăm cây hoa anh đào nhuộm sắc hồng rực rỡ, với mùi hương ngọt ngào phảng phất không khí và lànơi ra đời của nhiều bộ phim truyền hình nổi tiếng của Hàn Quốc đã làm dấy lên cơn sốt nghệ thuật thứ bảy tại các nước CHÂU Á và thế giới như: "Bản Tình Ca Mùa Đông".', '2023-04-13 10:27:09'),
(4, 'Du lịch phố cổ Hội An', 7, 1, 500000.0000, '0000-00-00 00:00:00', '0000-00-00 00:00:00', 'Hồ Chí Minh', 'Trải nghiệm mùa hoa tuyết Hàn Quốc\r\nHàn Quốc là đất nước níu chân khách du lịch khắp thế giới với thiên nhiên tươi đẹp bốn mùa. Du lịch Hàn Quốc đem đến những cảm nhận tuyệt vời về nét đặc trưng Á Đông truyền thống nhưng không kém phần hiện đại với rất nhiều danh lam thắng cảnh nổi tiếng khắp đất nước. Riêng Seoul đã có bao nhiêu cảnh sắc thu hút du khách: Đảo Nami xinh đẹp và bình yên, Lotte World là xứ sở thần tiên, những lễ hội vui nhộn, đậm đà bản sắc dân tộc. Cùng iVIVU trải nghiệm điểm đến tuyệt vời này ngay hôm nay!\r\n\r\nNhững trải nghiệm thú vị trong chương trình\r\n- Đảo Nami: hòn đảo nhân tạo xinh đẹp nằm ở ngoại ô Seoul, du khách tìm đến đây để tận mắt ngắm nhìn cảnh sắc thiên nhiên thơ mộng, lãng mạn nhất là con đường nằm giữa hai hàng cây thủy sam.\r\n\r\n- Cung điện Kyeongbok: hoàng cung lớn nhất tiêu biểu cho kiến trúc cổ điển và là một công trình tiêu biểu của Hàn Quốc và là cung điện hoàng gia lớn nhất Hàn Quốc.\r\n\r\n- Tháp Namsan: cảm nhận được không gian đầy tình yêu thương của những cặp đôi tìm đến đây để treo những chiếc ổ khóa đầy màu sắc biểu tượng cho tình yêu của họ.\r\n\r\n- Suối Cheonggyecheon con suối trong mát dài 5.8 km giữa lòng thủ đô Seoul.\r\n\r\n- Tháp N Seoul tọa lạc trên núi Namsan và đã trở thành một biểu tượng của Seoul.\r\n\r\n- Hero Show một show diễn nghệ thuật vẽ đặc sắc và vui nhộn từ các chàng trai tài hoa.\r\n\r\nBạn có sẵn sàng\r\nMột số điều kiện chung giúp Quý Khách nâng cao tỷ lệ xin Visa Hàn Quốc thành công:\r\n\r\n- Đã từng đi du lịch các nước ở khu vực Đông Nam Á.\r\n\r\n- Có công việc ổn định và thu nhập tốt\r\n\r\n- Có tài sản đứng tên như nhà đất, xe hơi, sổ tiết kiệm...\r\n\r\n- Chưa từng bị từ chối visa trước đây\r\n\r\n- Tải App PC Covid xác nhận tiêm chủng đủ 2 mũi trở lên.\r\n\r\niVIVU luôn sẵn sàng tư vấn chi tiết cho Quý Khách theo từng trường hợp cụ thể.\r\n\r\nChương trình tour\r\nƯU ĐÃI ĐẶC BIỆT: GIẢM NGAY 400K/KHÁCH KHI KHÁCH ĐẶT TOUR. ĐIỀU KIỆN: ÁP DỤNG NHÓM 4 KHÁCH TRỞ LÊN.\r\nNGÀY 1: TP.HCM - SEOUL ( NGHỈ ĐÊM TRÊN MÁY BAY)\r\nQuý khách tập trung tại sân bay Tân Sơn Nhất ga đi quốc tế, Trưởng Đoàn hướng dẫn làm thủ tục hàng không cho quý khách đáp chuyến bay đi Hàn Quốc.\r\n\r\nNGÀY 2: SEOUL - ĐẢO NAMI - THÁP N SEOUL ( ĂN SÁNG, TRƯA, TỐI)\r\nĐến sân bay Quốc Tế Incheon, hướng dẫn viên đón đoàn chào mừng đoàn đến với Thủ đô Seoul. Để nạp thêm năng lượng sau chuyến bay đêm, đoàn dùng bữa trưa tại nhà hàng địa phương thưởng thức ẩm thực tại Xứ sở Kim chi.\r\n\r\nTiếp đến, Quý khách khởi hành đi tham quan:\r\n\r\n- Đảo Nami – Nổi tiếng với những bản màu sắc riêng theo từng mùa: Mùa thu rực rỡ ánh vàng đỏ của tán cây phong và rừng ngân hạnh; Mùa hè có cây cối mướt xanh; Mùa đông huyền ảo với tuyết phủ trắng xóa& cuối cùng đặc biệt là vào Mùa xuânhàng trăm cây hoa anh đào nhuộm sắc hồng rực rỡ, với mùi hương ngọt ngào phảng phất không khí và lànơi ra đời của nhiều bộ phim truyền hình nổi tiếng của Hàn Quốc đã làm dấy lên cơn sốt nghệ thuật thứ bảy tại các nước CHÂU Á và thế giới như: "Bản Tình Ca Mùa Đông".', '2023-04-13 10:27:09'),
(5, 'Du lịch hè nhật bản', 8, 1, 500000.0000, '0000-00-00 00:00:00', '0000-00-00 00:00:00', 'Hồ Chí Minh', 'Trải nghiệm mùa hoa tuyết Hàn Quốc\r\nHàn Quốc là đất nước níu chân khách du lịch khắp thế giới với thiên nhiên tươi đẹp bốn mùa. Du lịch Hàn Quốc đem đến những cảm nhận tuyệt vời về nét đặc trưng Á Đông truyền thống nhưng không kém phần hiện đại với rất nhiều danh lam thắng cảnh nổi tiếng khắp đất nước. Riêng Seoul đã có bao nhiêu cảnh sắc thu hút du khách: Đảo Nami xinh đẹp và bình yên, Lotte World là xứ sở thần tiên, những lễ hội vui nhộn, đậm đà bản sắc dân tộc. Cùng iVIVU trải nghiệm điểm đến tuyệt vời này ngay hôm nay!\r\n\r\nNhững trải nghiệm thú vị trong chương trình\r\n- Đảo Nami: hòn đảo nhân tạo xinh đẹp nằm ở ngoại ô Seoul, du khách tìm đến đây để tận mắt ngắm nhìn cảnh sắc thiên nhiên thơ mộng, lãng mạn nhất là con đường nằm giữa hai hàng cây thủy sam.\r\n\r\n- Cung điện Kyeongbok: hoàng cung lớn nhất tiêu biểu cho kiến trúc cổ điển và là một công trình tiêu biểu của Hàn Quốc và là cung điện hoàng gia lớn nhất Hàn Quốc.\r\n\r\n- Tháp Namsan: cảm nhận được không gian đầy tình yêu thương của những cặp đôi tìm đến đây để treo những chiếc ổ khóa đầy màu sắc biểu tượng cho tình yêu của họ.\r\n\r\n- Suối Cheonggyecheon con suối trong mát dài 5.8 km giữa lòng thủ đô Seoul.\r\n\r\n- Tháp N Seoul tọa lạc trên núi Namsan và đã trở thành một biểu tượng của Seoul.\r\n\r\n- Hero Show một show diễn nghệ thuật vẽ đặc sắc và vui nhộn từ các chàng trai tài hoa.\r\n\r\nBạn có sẵn sàng\r\nMột số điều kiện chung giúp Quý Khách nâng cao tỷ lệ xin Visa Hàn Quốc thành công:\r\n\r\n- Đã từng đi du lịch các nước ở khu vực Đông Nam Á.\r\n\r\n- Có công việc ổn định và thu nhập tốt\r\n\r\n- Có tài sản đứng tên như nhà đất, xe hơi, sổ tiết kiệm...\r\n\r\n- Chưa từng bị từ chối visa trước đây\r\n\r\n- Tải App PC Covid xác nhận tiêm chủng đủ 2 mũi trở lên.\r\n\r\niVIVU luôn sẵn sàng tư vấn chi tiết cho Quý Khách theo từng trường hợp cụ thể.\r\n\r\nChương trình tour\r\nƯU ĐÃI ĐẶC BIỆT: GIẢM NGAY 400K/KHÁCH KHI KHÁCH ĐẶT TOUR. ĐIỀU KIỆN: ÁP DỤNG NHÓM 4 KHÁCH TRỞ LÊN.\r\nNGÀY 1: TP.HCM - SEOUL ( NGHỈ ĐÊM TRÊN MÁY BAY)\r\nQuý khách tập trung tại sân bay Tân Sơn Nhất ga đi quốc tế, Trưởng Đoàn hướng dẫn làm thủ tục hàng không cho quý khách đáp chuyến bay đi Hàn Quốc.\r\n\r\nNGÀY 2: SEOUL - ĐẢO NAMI - THÁP N SEOUL ( ĂN SÁNG, TRƯA, TỐI)\r\nĐến sân bay Quốc Tế Incheon, hướng dẫn viên đón đoàn chào mừng đoàn đến với Thủ đô Seoul. Để nạp thêm năng lượng sau chuyến bay đêm, đoàn dùng bữa trưa tại nhà hàng địa phương thưởng thức ẩm thực tại Xứ sở Kim chi.\r\n\r\nTiếp đến, Quý khách khởi hành đi tham quan:\r\n\r\n- Đảo Nami – Nổi tiếng với những bản màu sắc riêng theo từng mùa: Mùa thu rực rỡ ánh vàng đỏ của tán cây phong và rừng ngân hạnh; Mùa hè có cây cối mướt xanh; Mùa đông huyền ảo với tuyết phủ trắng xóa& cuối cùng đặc biệt là vào Mùa xuânhàng trăm cây hoa anh đào nhuộm sắc hồng rực rỡ, với mùi hương ngọt ngào phảng phất không khí và lànơi ra đời của nhiều bộ phim truyền hình nổi tiếng của Hàn Quốc đã làm dấy lên cơn sốt nghệ thuật thứ bảy tại các nước CHÂU Á và thế giới như: "Bản Tình Ca Mùa Đông".', '2023-04-13 10:27:09'),
(6, 'Du lịch Vườn quốc gia thái lan', 8, 1, 500000.0000, '0000-00-00 00:00:00', '0000-00-00 00:00:00', 'Hồ Chí Minh', 'Trải nghiệm mùa hoa tuyết Hàn Quốc\r\nHàn Quốc là đất nước níu chân khách du lịch khắp thế giới với thiên nhiên tươi đẹp bốn mùa. Du lịch Hàn Quốc đem đến những cảm nhận tuyệt vời về nét đặc trưng Á Đông truyền thống nhưng không kém phần hiện đại với rất nhiều danh lam thắng cảnh nổi tiếng khắp đất nước. Riêng Seoul đã có bao nhiêu cảnh sắc thu hút du khách: Đảo Nami xinh đẹp và bình yên, Lotte World là xứ sở thần tiên, những lễ hội vui nhộn, đậm đà bản sắc dân tộc. Cùng iVIVU trải nghiệm điểm đến tuyệt vời này ngay hôm nay!\r\n\r\nNhững trải nghiệm thú vị trong chương trình\r\n- Đảo Nami: hòn đảo nhân tạo xinh đẹp nằm ở ngoại ô Seoul, du khách tìm đến đây để tận mắt ngắm nhìn cảnh sắc thiên nhiên thơ mộng, lãng mạn nhất là con đường nằm giữa hai hàng cây thủy sam.\r\n\r\n- Cung điện Kyeongbok: hoàng cung lớn nhất tiêu biểu cho kiến trúc cổ điển và là một công trình tiêu biểu của Hàn Quốc và là cung điện hoàng gia lớn nhất Hàn Quốc.\r\n\r\n- Tháp Namsan: cảm nhận được không gian đầy tình yêu thương của những cặp đôi tìm đến đây để treo những chiếc ổ khóa đầy màu sắc biểu tượng cho tình yêu của họ.\r\n\r\n- Suối Cheonggyecheon con suối trong mát dài 5.8 km giữa lòng thủ đô Seoul.\r\n\r\n- Tháp N Seoul tọa lạc trên núi Namsan và đã trở thành một biểu tượng của Seoul.\r\n\r\n- Hero Show một show diễn nghệ thuật vẽ đặc sắc và vui nhộn từ các chàng trai tài hoa.\r\n\r\nBạn có sẵn sàng\r\nMột số điều kiện chung giúp Quý Khách nâng cao tỷ lệ xin Visa Hàn Quốc thành công:\r\n\r\n- Đã từng đi du lịch các nước ở khu vực Đông Nam Á.\r\n\r\n- Có công việc ổn định và thu nhập tốt\r\n\r\n- Có tài sản đứng tên như nhà đất, xe hơi, sổ tiết kiệm...\r\n\r\n- Chưa từng bị từ chối visa trước đây\r\n\r\n- Tải App PC Covid xác nhận tiêm chủng đủ 2 mũi trở lên.\r\n\r\niVIVU luôn sẵn sàng tư vấn chi tiết cho Quý Khách theo từng trường hợp cụ thể.\r\n\r\nChương trình tour\r\nƯU ĐÃI ĐẶC BIỆT: GIẢM NGAY 400K/KHÁCH KHI KHÁCH ĐẶT TOUR. ĐIỀU KIỆN: ÁP DỤNG NHÓM 4 KHÁCH TRỞ LÊN.\r\nNGÀY 1: TP.HCM - SEOUL ( NGHỈ ĐÊM TRÊN MÁY BAY)\r\nQuý khách tập trung tại sân bay Tân Sơn Nhất ga đi quốc tế, Trưởng Đoàn hướng dẫn làm thủ tục hàng không cho quý khách đáp chuyến bay đi Hàn Quốc.\r\n\r\nNGÀY 2: SEOUL - ĐẢO NAMI - THÁP N SEOUL ( ĂN SÁNG, TRƯA, TỐI)\r\nĐến sân bay Quốc Tế Incheon, hướng dẫn viên đón đoàn chào mừng đoàn đến với Thủ đô Seoul. Để nạp thêm năng lượng sau chuyến bay đêm, đoàn dùng bữa trưa tại nhà hàng địa phương thưởng thức ẩm thực tại Xứ sở Kim chi.\r\n\r\nTiếp đến, Quý khách khởi hành đi tham quan:\r\n\r\n- Đảo Nami – Nổi tiếng với những bản màu sắc riêng theo từng mùa: Mùa thu rực rỡ ánh vàng đỏ của tán cây phong và rừng ngân hạnh; Mùa hè có cây cối mướt xanh; Mùa đông huyền ảo với tuyết phủ trắng xóa& cuối cùng đặc biệt là vào Mùa xuânhàng trăm cây hoa anh đào nhuộm sắc hồng rực rỡ, với mùi hương ngọt ngào phảng phất không khí và lànơi ra đời của nhiều bộ phim truyền hình nổi tiếng của Hàn Quốc đã làm dấy lên cơn sốt nghệ thuật thứ bảy tại các nước CHÂU Á và thế giới như: "Bản Tình Ca Mùa Đông".', '2023-04-13 10:27:09'),
(7, 'Du lịch Vịnh San Hô - Động Phong Nha Kẻ Bàng ...', 9, 1, 500000.0000, '0000-00-00 00:00:00', '0000-00-00 00:00:00', 'Hồ Chí Minh', 'Trải nghiệm mùa hoa tuyết Hàn Quốc\r\nHàn Quốc là đất nước níu chân khách du lịch khắp thế giới với thiên nhiên tươi đẹp bốn mùa. Du lịch Hàn Quốc đem đến những cảm nhận tuyệt vời về nét đặc trưng Á Đông truyền thống nhưng không kém phần hiện đại với rất nhiều danh lam thắng cảnh nổi tiếng khắp đất nước. Riêng Seoul đã có bao nhiêu cảnh sắc thu hút du khách: Đảo Nami xinh đẹp và bình yên, Lotte World là xứ sở thần tiên, những lễ hội vui nhộn, đậm đà bản sắc dân tộc. Cùng iVIVU trải nghiệm điểm đến tuyệt vời này ngay hôm nay!\r\n\r\nNhững trải nghiệm thú vị trong chương trình\r\n- Đảo Nami: hòn đảo nhân tạo xinh đẹp nằm ở ngoại ô Seoul, du khách tìm đến đây để tận mắt ngắm nhìn cảnh sắc thiên nhiên thơ mộng, lãng mạn nhất là con đường nằm giữa hai hàng cây thủy sam.\r\n\r\n- Cung điện Kyeongbok: hoàng cung lớn nhất tiêu biểu cho kiến trúc cổ điển và là một công trình tiêu biểu của Hàn Quốc và là cung điện hoàng gia lớn nhất Hàn Quốc.\r\n\r\n- Tháp Namsan: cảm nhận được không gian đầy tình yêu thương của những cặp đôi tìm đến đây để treo những chiếc ổ khóa đầy màu sắc biểu tượng cho tình yêu của họ.\r\n\r\n- Suối Cheonggyecheon con suối trong mát dài 5.8 km giữa lòng thủ đô Seoul.\r\n\r\n- Tháp N Seoul tọa lạc trên núi Namsan và đã trở thành một biểu tượng của Seoul.\r\n\r\n- Hero Show một show diễn nghệ thuật vẽ đặc sắc và vui nhộn từ các chàng trai tài hoa.\r\n\r\nBạn có sẵn sàng\r\nMột số điều kiện chung giúp Quý Khách nâng cao tỷ lệ xin Visa Hàn Quốc thành công:\r\n\r\n- Đã từng đi du lịch các nước ở khu vực Đông Nam Á.\r\n\r\n- Có công việc ổn định và thu nhập tốt\r\n\r\n- Có tài sản đứng tên như nhà đất, xe hơi, sổ tiết kiệm...\r\n\r\n- Chưa từng bị từ chối visa trước đây\r\n\r\n- Tải App PC Covid xác nhận tiêm chủng đủ 2 mũi trở lên.\r\n\r\niVIVU luôn sẵn sàng tư vấn chi tiết cho Quý Khách theo từng trường hợp cụ thể.\r\n\r\nChương trình tour\r\nƯU ĐÃI ĐẶC BIỆT: GIẢM NGAY 400K/KHÁCH KHI KHÁCH ĐẶT TOUR. ĐIỀU KIỆN: ÁP DỤNG NHÓM 4 KHÁCH TRỞ LÊN.\r\nNGÀY 1: TP.HCM - SEOUL ( NGHỈ ĐÊM TRÊN MÁY BAY)\r\nQuý khách tập trung tại sân bay Tân Sơn Nhất ga đi quốc tế, Trưởng Đoàn hướng dẫn làm thủ tục hàng không cho quý khách đáp chuyến bay đi Hàn Quốc.\r\n\r\nNGÀY 2: SEOUL - ĐẢO NAMI - THÁP N SEOUL ( ĂN SÁNG, TRƯA, TỐI)\r\nĐến sân bay Quốc Tế Incheon, hướng dẫn viên đón đoàn chào mừng đoàn đến với Thủ đô Seoul. Để nạp thêm năng lượng sau chuyến bay đêm, đoàn dùng bữa trưa tại nhà hàng địa phương thưởng thức ẩm thực tại Xứ sở Kim chi.\r\n\r\nTiếp đến, Quý khách khởi hành đi tham quan:\r\n\r\n- Đảo Nami – Nổi tiếng với những bản màu sắc riêng theo từng mùa: Mùa thu rực rỡ ánh vàng đỏ của tán cây phong và rừng ngân hạnh; Mùa hè có cây cối mướt xanh; Mùa đông huyền ảo với tuyết phủ trắng xóa& cuối cùng đặc biệt là vào Mùa xuânhàng trăm cây hoa anh đào nhuộm sắc hồng rực rỡ, với mùi hương ngọt ngào phảng phất không khí và lànơi ra đời của nhiều bộ phim truyền hình nổi tiếng của Hàn Quốc đã làm dấy lên cơn sốt nghệ thuật thứ bảy tại các nước CHÂU Á và thế giới như: "Bản Tình Ca Mùa Đông".', '2023-04-13 10:27:09');

-- 
-- Dumping data for table place
--
INSERT INTO place VALUES
(1, 'Vịnh San Hô', NULL, 4, 'vietnam'),
(2, 'Động Phong Nha Kẻ Bàng', NULL, 4, 'vietnam'),
(3, 'Bãi Biển Dinh Cô', NULL, 4, 'vietnam'),
(4, 'Phố Cổ Hà Nội', NULL, 4, 'vietnam'),
(5, 'Hồ Dầu Tiếng', NULL, 4, 'vietnam'),
(6, 'Đảo Phú Quý', NULL, 4, 'vietnam'),
(7, 'Bãi Tắm Quy Nhơn', NULL, 4, 'vietnam'),
(8, 'Khu Du Lịch Sinh Thái Thủy Châu', NULL, 4, 'vietnam'),
(9, 'Thác Đá Hàn', NULL, 4, 'vietnam'),
(10, 'Bà Nà Hill', NULL, 4, 'vietnam'),
(11, 'Mộc Châu', NULL, 4, 'vietnam'),
(12, 'Phố Cổ Hội An', NULL, 4, 'vietnam'),
(13, 'Xứ sở cờ hoa', NULL, 4, 'America'),
(14, 'Vòng quanh Châu Âu', NULL, 4, 'Europe'),
(15, 'Ghé thăm Châu Úc', NULL, 4, 'Australia '),
(16, 'quần đảo Similan', NULL, 4, 'thailand'),
(17, 'thủ đô Sukhothai', NULL, 4, 'thailand'),
(18, 'Vườn Quốc Gia Khao Yai', NULL, 4, 'thailand'),
(19, 'Vườn quốc gia Khao Yai', NULL, 4, 'thailand'),
(20, 'Chợ Chatuchak', NULL, 4, 'Indian Ocean '),
(21, 'Khám Phá Cung Đường Vàng Osaka - Kyoto - Tokyo', NULL, 4, 'japan'),
(22, 'Du lịch Lễ hội ánh sáng Nabana no Sato - Nhật Bản', NULL, 4, 'japan'),
(23, 'Khám phá hè Nhật Bản: Hà Nội - Nagoya- Tokyo', NULL, 4, 'japan'),
(24, 'Tour Nhật Bản làng cổ Shirakawa-go', NULL, 4, 'japan'),
(25, 'Núi Phú Sĩ', NULL, 4, 'japan'),
(26, 'Tháp Tokyo Tower', NULL, 4, 'japan'),
(27, 'Đền Kinkaku-ji ở Kyoto', NULL, 4, 'japan'),
(28, 'Công viên khỉ Jigoku Dani', NULL, 4, 'japan'),
(29, 'Lâu đài Himeji', NULL, 4, 'japan');

-- 
-- Dumping data for table permission
--
INSERT INTO permission VALUES
(1, 'tài khoản (tất cả tài khoản)', 'account'),
(2, 'khách hàng (chỉ mỗi khách hàng)', 'customer'),
(3, 'hoá đơn(booking)', 'booking'),
(4, 'tour', 'tour'),
(5, 'service', 'service'),
(6, 'địa điểm du lịch', 'place'),
(7, 'khách sạn', 'hotel'),
(8, 'thống kê', 'statistical'),
(9, 'nhập/xuất dữ liệu (excel)', 'excel'),
(10, 'báo cáo', 'report');

-- 
-- Dumping data for table service
--
INSERT INTO service VALUES
(1, 'Nhà hàng 5 sao', 500000.0000),
(2, 'mua sắm giảm 30%', 300000.0000),
(3, 'tự do, miễn phí chơi ở khu thể thao', 100000.0000),
(4, 'miễn phí khi chơi ở các khu vui chơi giải trí', 500000.0000);

-- 
-- Dumping data for table booking
--
-- Table test.booking does not contain any data (it is empty)

-- 
-- Dumping data for table tour_detail
--
INSERT INTO tour_detail VALUES
(1, 1, 1, '2023-04-13 10:28:31'),
(2, 1, 2, '2023-04-13 10:28:31'),
(3, 1, 3, '2023-04-13 10:28:31'),
(4, 1, 4, '2023-04-13 10:28:31'),
(5, 2, 16, '2023-04-13 10:28:31'),
(6, 2, 17, '2023-04-13 10:28:31'),
(7, 3, 21, '2023-04-13 10:28:31'),
(8, 3, 22, '2023-04-13 10:28:31'),
(9, 4, 12, '2023-04-13 10:28:31'),
(10, 5, 23, '2023-04-13 10:28:31'),
(11, 5, 24, '2023-04-13 10:28:31'),
(12, 6, 18, '2023-04-13 10:28:31'),
(13, 6, 19, '2023-04-13 10:28:31'),
(14, 7, 1, '2023-04-13 10:28:31'),
(15, 7, 2, '2023-04-13 10:28:31'),
(16, 7, 6, '2023-04-13 10:28:31'),
(17, 7, 7, '2023-04-13 10:28:31');

-- 
-- Dumping data for table role_permission
--
INSERT INTO role_permission VALUES
(1, 1, 1),
(2, 1, 2),
(3, 1, 3),
(4, 1, 4),
(5, 1, 5),
(6, 1, 6),
(7, 1, 7),
(8, 1, 8),
(9, 1, 9),
(10, 1, 10),
(11, 2, 2),
(12, 2, 3),
(13, 2, 4),
(14, 2, 5),
(15, 2, 6),
(16, 2, 7),
(17, 3, 2),
(18, 3, 3),
(19, 4, 4),
(20, 4, 6),
(21, 4, 7),
(22, 5, 8),
(23, 5, 9),
(24, 5, 10);

-- 
-- Dumping data for table booking_detail
--
-- Table test.booking_detail does not contain any data (it is empty)

-- 
-- Restore previous SQL mode
-- 
/*!40101 SET SQL_MODE=@OLD_SQL_MODE */;

-- 
-- Enable foreign keys
-- 
/*!40014 SET FOREIGN_KEY_CHECKS = @OLD_FOREIGN_KEY_CHECKS */;